Date,Year,Volume,Issue,page,URL
Dec 24,2009,139,7,p1199-1376,http://www.cell.com/cell/issue?pii=S0092-8674(09)X0026-7
Dec 11,2009,139,6,p1025-1198,http://www.cell.com/cell/issue?pii=S0092-8674(09)X0025-5
Nov 25,2009,139,5,p831-1024,http://www.cell.com/cell/issue?pii=S0092-8674(09)X0024-3
Nov 13,2009,139,4,p635-830,http://www.cell.com/cell/issue?pii=S0092-8674(09)X0023-1
Oct 30,2009,139,3,p441-634,http://www.cell.com/cell/issue?pii=S0092-8674(09)X0022-X
Oct 16,2009,139,2,p213-440,http://www.cell.com/cell/issue?pii=S0092-8674(09)X0021-8
Oct 2,2009,139,1,p1-212,http://www.cell.com/cell/issue?pii=S0092-8674(09)X0020-6
Sep 18,2009,138,6,p1035-1248,http://www.cell.com/cell/issue?pii=S0092-8674(09)X0019-X
Sep 4,2009,138,5,p809-1034,http://www.cell.com/cell/issue?pii=S0092-8674(09)X0018-8
Aug 21,2009,138,4,p607-808,http://www.cell.com/cell/issue?pii=S0092-8674(09)X0017-6
Aug 7,2009,138,3,p405-606,http://www.cell.com/cell/issue?pii=S0092-8674(09)X0016-4
Jul 23,2009,138,2,p211-404,http://www.cell.com/cell/issue?pii=S0092-8674(09)X0015-2
Jul 10,2009,138,1,p1-210,http://www.cell.com/cell/issue?pii=S0092-8674(09)X0014-0
Jun 26,2009,137,7,p1161-1358,http://www.cell.com/cell/issue?pii=S0092-8674(09)X0013-9
Jun 12,2009,137,6,p975-1160,http://www.cell.com/cell/issue?pii=S0092-8674(09)X0012-7
May 29,2009,137,5,p785-974,http://www.cell.com/cell/issue?pii=S0092-8674(09)X0011-5
May 15,2009,137,4,p587-784,http://www.cell.com/cell/issue?pii=S0092-8674(09)X0010-3
May 1,2009,137,3,p383-586,http://www.cell.com/cell/issue?pii=S0092-8674(09)X0009-7
Apr 17,2009,137,2,p183-382,http://www.cell.com/cell/issue?pii=S0092-8674(09)X0008-5
Apr 3,2009,137,1,p1-182,http://www.cell.com/cell/issue?pii=S0092-8674(09)X0007-3
Mar 20,2009,136,6,p979-1172,http://www.cell.com/cell/issue?pii=S0092-8674(09)X0006-1
Mar 6,2009,136,5,p795-978,http://www.cell.com/cell/issue?pii=S0092-8674(09)X0005-X
Feb 20,2009,136,4,p567-794,http://www.cell.com/cell/issue?pii=S0092-8674(09)X0004-8
Feb 6,2009,136,3,p381-566,http://www.cell.com/cell/issue?pii=S0092-8674(09)X0003-6
Jan 23,2009,136,2,p189-380,http://www.cell.com/cell/issue?pii=S0092-8674(09)X0002-4
Jan 9,2009,136,1,p1-188,http://www.cell.com/cell/issue?pii=S0092-8674(08)X0029-7
Dec 26,2008,135,7,p1145-1324,http://www.cell.com/cell/issue?pii=S0092-8674(08)X0028-5
Dec 12,2008,135,6,p975-1144,http://www.cell.com/cell/issue?pii=S0092-8674(08)X0027-3
Nov 28,2008,135,5,p765-974,http://www.cell.com/cell/issue?pii=S0092-8674(08)X0026-1
Nov 14,2008,135,4,p573-764,http://www.cell.com/cell/issue?pii=S0092-8674(08)X0025-X
Oct 31,2008,135,3,p369-572,http://www.cell.com/cell/issue?pii=S0092-8674(08)X0024-8
Oct 17,2008,135,2,p193-368,http://www.cell.com/cell/issue?pii=S0092-8674(08)X0023-6
Oct 3,2008,135,1,p1-192,http://www.cell.com/cell/issue?pii=S0092-8674(08)X0022-4
Sep 19,2008,134,6,p889-1080,http://www.cell.com/cell/issue?pii=S0092-8674(08)X0021-2
Sep 5,2008,134,5,p695-888,http://www.cell.com/cell/issue?pii=S0092-8674(08)X0020-0
Aug 22,2008,134,4,p549-694,http://www.cell.com/cell/issue?pii=S0092-8674(08)X0019-4
Aug 8,2008,134,3,p367-548,http://www.cell.com/cell/issue?pii=S0092-8674(08)X0018-2
Jul 25,2008,134,2,p191-366,http://www.cell.com/cell/issue?pii=S0092-8674(08)X0017-0
Jul 11,2008,134,1,p1-190,http://www.cell.com/cell/issue?pii=S0092-8674(08)X0016-9
Jun 27,2008,133,7,p1119-1292,http://www.cell.com/cell/issue?pii=S0092-8674(08)X0015-7
Jun 13,2008,133,6,p931-1118,http://www.cell.com/cell/issue?pii=S0092-8674(08)X0014-5
May 30,2008,133,5,p743-930,http://www.cell.com/cell/issue?pii=S0092-8674(08)X0013-3
May 16,2008,133,4,p551-742,http://www.cell.com/cell/issue?pii=S0092-8674(08)X0012-1
May 2,2008,133,3,p379-550,http://www.cell.com/cell/issue?pii=S0092-8674(08)X0011-X
Apr 18,2008,133,2,p193-378,http://www.cell.com/cell/issue?pii=S0092-8674(08)X0010-8
Apr 4,2008,133,1,p1-192,http://www.cell.com/cell/issue?pii=S0092-8674(08)X0009-1
Mar 21,2008,132,6,p901-1062,http://www.cell.com/cell/issue?pii=S0092-8674(08)X0008-X
Mar 7,2008,132,5,p713-900,http://www.cell.com/cell/issue?pii=S0092-8674(08)X0007-8
Feb 22,2008,132,4,p501-712,http://www.cell.com/cell/issue?pii=S0092-8674(08)X0006-6
Feb 8,2008,132,3,p325-500,http://www.cell.com/cell/issue?pii=S0092-8674(08)X0005-4
Jan 25,2008,132,2,p163-324,http://www.cell.com/cell/issue?pii=S0092-8674(08)X0735-4
Jan 11,2008,132,1,p1-162,http://www.cell.com/cell/issue?pii=S0092-8674(08)X0734-2
Dec 28,2007,131,7,p1205-1378,http://www.cell.com/cell/issue?pii=S0092-8674(07)X0733-5
Dec 14,2007,131,6,p1019-1204,http://www.cell.com/cell/issue?pii=S0092-8674(07)X0732-3
Nov 30,2007,131,5,p823-1018,http://www.cell.com/cell/issue?pii=S0092-8674(07)X0731-1
Nov 16,2007,131,4,p613-822,http://www.cell.com/cell/issue?pii=S0092-8674(07)X0730-X
Nov 2,2007,131,3,p421-612,http://www.cell.com/cell/issue?pii=S0092-8674(07)X0729-3
Oct 19,2007,131,2,p193-420,http://www.cell.com/cell/issue?pii=S0092-8674(07)X0728-1
Oct 5,2007,131,1,p1-192,http://www.cell.com/cell/issue?pii=S0092-8674(07)X0727-X
Sep 21,2007,130,6,p959-1160,http://www.cell.com/cell/issue?pii=S0092-8674(07)X0726-8
Sep 7,2007,130,5,p757-958,http://www.cell.com/cell/issue?pii=S0092-8674(07)X0725-6
Aug 24,2007,130,4,p571-756,http://www.cell.com/cell/issue?pii=S0092-8674(07)X0724-4
Aug 10,2007,130,3,p387-570,http://www.cell.com/cell/issue?pii=S0092-8674(07)X0723-2
Jul 27,2007,130,2,p193-386,http://www.cell.com/cell/issue?pii=S0092-8674(07)X0722-0
Jul 13,2007,130,1,p1-192,http://www.cell.com/cell/issue?pii=S0092-8674(07)X0721-9
Jun 29,2007,129,7,p1231-1430,http://www.cell.com/cell/issue?pii=S0092-8674(07)X0720-7
Jun 15,2007,129,6,p1025-1230,http://www.cell.com/cell/issue?pii=S0092-8674(07)X0719-0
Jun 1,2007,129,5,p839-1024,http://www.cell.com/cell/issue?pii=S0092-8674(07)X0718-9
May 18,2007,129,4,p633-838,http://www.cell.com/cell/issue?pii=S0092-8674(07)X0717-7
May 4,2007,129,3,p435-632,http://www.cell.com/cell/issue?pii=S0092-8674(07)X0716-5
Apr 20,2007,129,2,p221-434,http://www.cell.com/cell/issue?pii=S0092-8674(07)X0715-3
Apr 6,2007,129,1,p1-220,http://www.cell.com/cell/issue?pii=S0092-8674(07)X0714-1
Mar 23,2007,128,6,p1015-1246,http://www.cell.com/cell/issue?pii=S0092-8674(07)X0713-X
Mar 9,2007,128,5,p803-1014,http://www.cell.com/cell/issue?pii=S0092-8674(07)X0712-8
Feb 23,2007,128,4,p627-802,http://www.cell.com/cell/issue?pii=S0092-8674(07)X0711-6
Feb 9,2007,128,3,p413-626,http://www.cell.com/cell/issue?pii=S0092-8674(07)X0710-4
Jan 26,2007,128,2,p213-412,http://www.cell.com/cell/issue?pii=S0092-8674(07)X0709-8
Jan 12,2007,128,1,p1-212,http://www.cell.com/cell/issue?pii=S0092-8674(07)X0708-6
Dec 29,2006,127,7,p1287-1468,http://www.cell.com/cell/issue?pii=S0092-8674(06)X0707-9
Dec 15,2006,127,6,p1071-1286,http://www.cell.com/cell/issue?pii=S0092-8674(06)X0706-7
Dec 1,2006,127,5,p859-1072,http://www.cell.com/cell/issue?pii=S0092-8674(06)X0705-5
Nov 17,2006,127,4,p649-858,http://www.cell.com/cell/issue?pii=S0092-8674(06)X0704-3
Nov 3,2006,127,3,p435-648,http://www.cell.com/cell/issue?pii=S0092-8674(06)X0703-1
Oct 20,2006,127,2,p227-434,http://www.cell.com/cell/issue?pii=S0092-8674(06)X0702-X
Oct 6,2006,127,1,p1-226,http://www.cell.com/cell/issue?pii=S0092-8674(06)X0701-8
Sep 22,2006,126,6,p1005-1218,http://www.cell.com/cell/issue?pii=S0092-8674(06)X0700-6
Sep 8,2006,126,5,p813-1004,http://www.cell.com/cell/issue?pii=S0092-8674(06)X0699-2
Aug 25,2006,126,4,p627-812,http://www.cell.com/cell/issue?pii=S0092-8674(06)X0698-0
Aug 11,2006,126,3,p427-626,http://www.cell.com/cell/issue?pii=S0092-8674(06)X0697-9
Jul 28,2006,126,2,p219-426,http://www.cell.com/cell/issue?pii=S0092-8674(06)X0696-7
Jul 14,2006,126,1,p1-218,http://www.cell.com/cell/issue?pii=S0092-8674(06)X0695-5
Jun 30,2006,125,7,p1207-1400,http://www.cell.com/cell/issue?pii=S0092-8674(06)X0694-3
Jun 13,2006,125,6,p1015-1206,http://www.cell.com/cell/issue?pii=S0092-8674(06)X0693-1
Jun 2,2006,125,5,p815-1014,http://www.cell.com/cell/issue?pii=S0092-8674(06)X0692-X
May 19,2006,125,4,p621-814,http://www.cell.com/cell/issue?pii=S0092-8674(06)X0691-8
May 5,2006,125,3,p399-620,http://www.cell.com/cell/issue?pii=S0092-8674(06)X0690-6
Apr 21,2006,125,2,p201-398,http://www.cell.com/cell/issue?pii=S0092-8674(06)X0689-X
Apr 7,2006,125,1,p1-200,http://www.cell.com/cell/issue?pii=S0092-8674(06)X0688-8
Mar 24,2006,124,6,p1089-1302,http://www.cell.com/cell/issue?pii=S0092-8674(06)X0687-6
Mar 10,2006,124,5,p865-1088,http://www.cell.com/cell/issue?pii=S0092-8674(06)X0686-4
Feb 24,2006,124,4,p649-864,http://www.cell.com/cell/issue?pii=S0092-8674(06)X0685-2
Feb 10,2006,124,3,p437-648,http://www.cell.com/cell/issue?pii=S0092-8674(06)X0684-0
Jan 27,2006,124,2,p221-436,http://www.cell.com/cell/issue?pii=S0092-8674(06)X0683-9
Jan 13,2006,124,1,p1-220,http://www.cell.com/cell/issue?pii=S0092-8674(06)X0682-7
Dec 29,2005,123,7,p1161-1360,http://www.cell.com/cell/issue?pii=S0092-8674(05)X0681-X
Dec 16,2005,123,6,p959-1160,http://www.cell.com/cell/issue?pii=S0092-8674(05)X0680-8
Dec 2,2005,123,5,p713-958,http://www.cell.com/cell/issue?pii=S0092-8674(05)X0679-1
Nov 18,2005,123,4,p539-712,http://www.cell.com/cell/issue?pii=S0092-8674(05)X0678-X
Nov 4,2005,123,3,p359-538,http://www.cell.com/cell/issue?pii=S0092-8674(05)X0677-8
Oct 21,2005,123,2,p173-358,http://www.cell.com/cell/issue?pii=S0092-8674(05)X0676-6
Oct 7,2005,123,1,p1-172,http://www.cell.com/cell/issue?pii=S0092-8674(05)X0675-4
Sep 23,2005,122,6,p817-970,http://www.cell.com/cell/issue?pii=S0092-8674(05)X0674-2
Sep 9,2005,122,5,p645-816,http://www.cell.com/cell/issue?pii=S0092-8674(05)X0673-0
Aug 26,2005,122,4,p487-644,http://www.cell.com/cell/issue?pii=S0092-8674(05)X0672-9
Aug 12,2005,122,3,p317-486,http://www.cell.com/cell/issue?pii=S0092-8674(05)X0671-7
Jul 29,2005,122,2,p147-316,http://www.cell.com/cell/issue?pii=S0092-8674(05)X0670-5
Jul 15,2005,122,1,p1-146,http://www.cell.com/cell/issue?pii=S0092-8674(05)X0669-9
Jul 1,2005,121,7,p963-1122,http://www.cell.com/cell/issue?pii=S0092-8674(05)X0668-7
Jun 17,2005,121,6,p811-962,http://www.cell.com/cell/issue?pii=S0092-8674(05)X0667-5
Jun 3,2005,121,5,p659-810,http://www.cell.com/cell/issue?pii=S0092-8674(05)X0666-3
May 20,2005,121,4,p495-658,http://www.cell.com/cell/issue?pii=S0092-8674(05)X0665-1
May 6,2005,121,3,p319-494,http://www.cell.com/cell/issue?pii=S0092-8674(00)X0666-6
Apr 22,2005,121,2,p155-318,http://www.cell.com/cell/issue?pii=S0092-8674(00)X0665-4
Apr 8,2005,121,1,p1-154,http://www.cell.com/cell/issue?pii=S0092-8674(00)X0664-2
Mar 25,2005,120,6,p729-900,http://www.cell.com/cell/issue?pii=S0092-8674(00)X0663-0
Mar 11,2005,120,5,p569-728,http://www.cell.com/cell/issue?pii=S0092-8674(00)X0662-9
Feb 25,2005,120,4,p435-568,http://www.cell.com/cell/issue?pii=S0092-8674(00)X0660-5
Feb 11,2005,120,3,p287-434,http://www.cell.com/cell/issue?pii=S0092-8674(00)X0659-9
Jan 28,2005,120,2,p153-285,http://www.cell.com/cell/issue?pii=S0092-8674(00)X0658-7
Jan 14,2005,120,1,p1-151,http://www.cell.com/cell/issue?pii=S0092-8674(00)X0657-5
Dec 29,2004,119,7,p901-1057,http://www.cell.com/cell/issue?pii=S0092-8674(00)X0655-1
Dec 17,2004,119,6,p733-900,http://www.cell.com/cell/issue?pii=S0092-8674(00)X0653-8
Nov 24,2004,119,5,p579-732,http://www.cell.com/cell/issue?pii=S0092-8674(00)X0647-2
Nov 12,2004,119,4,p447-578,http://www.cell.com/cell/issue?pii=S0092-8674(00)X0643-5
Oct 29,2004,119,3,p311-445,http://www.cell.com/cell/issue?pii=S0092-8674(00)X0639-3
Oct 15,2004,119,2,p147-309,http://www.cell.com/cell/issue?pii=S0092-8674(00)X0638-1
Oct 1,2004,119,1,p1-145,http://www.cell.com/cell/issue?pii=S0092-8674(00)X0637-X
Sep 17,2004,118,6,p665-806,http://www.cell.com/cell/issue?pii=S0092-8674(00)X0633-2
Sep 3,2004,118,5,p529-663,http://www.cell.com/cell/issue?pii=S0092-8674(00)X0632-0
Aug 20,2004,118,4,p403-528,http://www.cell.com/cell/issue?pii=S0092-8674(00)X0630-7
Aug 6,2004,118,3,p271-401,http://www.cell.com/cell/issue?pii=S0092-8674(00)X0629-0
Jul 23,2004,118,2,p139-270,http://www.cell.com/cell/issue?pii=S0092-8674(00)X0625-3
Jul 9,2004,118,1,p1-138,http://www.cell.com/cell/issue?pii=S0092-8674(00)X0609-5
Jun 25,2004,117,7,p849-991,http://www.cell.com/cell/issue?pii=S0092-8674(00)X0606-X
Jun 11,2004,117,6,p689-847,http://www.cell.com/cell/issue?pii=S0092-8674(00)X0601-0
May 28,2004,117,5,p555-687,http://www.cell.com/cell/issue?pii=S0092-8674(00)X0600-9
May 14,2004,117,4,p417-553,http://www.cell.com/cell/issue?pii=S0092-8674(00)X0595-8
Apr 30,2004,117,3,p279-415,http://www.cell.com/cell/issue?pii=S0092-8674(00)X0591-0
Apr 16,2004,117,2,p145-277,http://www.cell.com/cell/issue?pii=S0092-8674(00)X0442-4
Apr 2,2004,117,1,p1-143,http://www.cell.com/cell/issue?pii=S0092-8674(00)X0435-7
Mar 19,2004,116,6,p763-895,http://www.cell.com/cell/issue?pii=S0092-8674(00)X0432-1
Mar 5,2004,116,5,p631-762,http://www.cell.com/cell/issue?pii=S0092-8674(00)X0430-8
Feb 20,2004,116,4,p483-629,http://www.cell.com/cell/issue?pii=S0092-8674(00)X0429-1
Feb 6,2004,116,3,p351-481,http://www.cell.com/cell/issue?pii=S0092-8674(00)X0431-X
Jan 23,2004,116,2,p141-350,http://www.cell.com/cell/issue?pii=S0092-8674(00)X0428-X
Jan 9,2004,116,1,p1-140,http://www.cell.com/cell/issue?pii=S0092-8674(00)X0427-8
Dec 26,2003,115,7,p767-904,http://www.cell.com/cell/issue?pii=S0092-8674(00)X0426-6
Dec 12,2003,115,6,p641-766,http://www.cell.com/cell/issue?pii=S0092-8674(00)X0425-4
Nov 26,2003,115,5,p507-640,http://www.cell.com/cell/issue?pii=S0092-8674(00)X0404-7
Nov 14,2003,115,4,p369-505,http://www.cell.com/cell/issue?pii=S0092-8674(00)X0390-X
Oct 31,2003,115,3,p243-368,http://www.cell.com/cell/issue?pii=S0092-8674(00)X0391-1
Oct 17,2003,115,2,p127-242,http://www.cell.com/cell/issue?pii=S0092-8674(00)X0320-0
Oct 3,2003,115,1,p1-126,http://www.cell.com/cell/issue?pii=S0092-8674(00)X0237-1
Sep 19,2003,114,6,p655-790,http://www.cell.com/cell/issue?pii=S0092-8674(00)X0202-4
Sep 5,2003,114,5,p532-654,http://www.cell.com/cell/issue?pii=S0092-8674(00)X0201-2
Aug 22,2003,114,4,p395-530,http://www.cell.com/cell/issue?pii=S0092-8674(00)X0200-0
Aug 8,2003,114,3,p271-394,http://www.cell.com/cell/issue?pii=S0092-8674(00)X0199-7
Jul 25,2003,114,2,p147-270,http://www.cell.com/cell/issue?pii=S0092-8674(00)X0198-5
Jul 11,2003,114,1,p1-146,http://www.cell.com/cell/issue?pii=S0092-8674(00)X0197-3
Jun 27,2003,113,7,p811-944,http://www.cell.com/cell/issue?pii=S0092-8674(00)X0196-1
Jun 13,2003,113,6,p671-810,http://www.cell.com/cell/issue?pii=S0092-8674(00)X0195-X
May 30,2003,113,5,p551-670,http://www.cell.com/cell/issue?pii=S0092-8674(00)X0194-8
May 16,2003,113,4,p421-550,http://www.cell.com/cell/issue?pii=S0092-8674(00)X0193-6
May 2,2003,113,3,p275-420,http://www.cell.com/cell/issue?pii=S0092-8674(00)X0192-4
Apr 18,2003,113,2,p139-274,http://www.cell.com/cell/issue?pii=S0092-8674(00)X0191-2
Apr 4,2003,113,1,p1-138,http://www.cell.com/cell/issue?pii=S0092-8674(00)X0190-0
Mar 21,2003,112,6,p737-874,http://www.cell.com/cell/issue?pii=S0092-8674(00)X0189-4
Mar 7,2003,112,5,p589-736,http://www.cell.com/cell/issue?pii=S0092-8674(00)X0188-2
Feb 21,2003,112,4,p403-588,http://www.cell.com/cell/issue?pii=S0092-8674(00)X0187-0
Feb 7,2003,112,3,p283-402,http://www.cell.com/cell/issue?pii=S0092-8674(00)X0186-9
Jan 24,2003,112,2,p141-282,http://www.cell.com/cell/issue?pii=S0092-8674(00)X0185-7
Jan 10,2003,112,1,p1-140,http://www.cell.com/cell/issue?pii=S0092-8674(00)X0184-5
Dec 27,2002,111,7,p919-1056,http://www.cell.com/cell/issue?pii=S0092-8674(00)X0182-1
Dec 13,2002,111,6,p759-918,http://www.cell.com/cell/issue?pii=S0092-8674(00)X0183-3
Nov 27,2002,111,5,p603-758,http://www.cell.com/cell/issue?pii=S0092-8674(00)X0181-X
Nov 15,2002,111,4,p445-602,http://www.cell.com/cell/issue?pii=S0092-8674(00)X0180-8
Nov 1,2002,111,3,p281-444,http://www.cell.com/cell/issue?pii=S0092-8674(00)X0179-1
Oct 18,2002,111,2,p143-280,http://www.cell.com/cell/issue?pii=S0092-8674(00)X0178-X
Oct 4,2002,111,1,p1-142,http://www.cell.com/cell/issue?pii=S0092-8674(00)X0177-8
Sep 20,2002,110,6,p661-802,http://www.cell.com/cell/issue?pii=S0092-8674(00)X0176-6
Sep 6,2002,110,5,p537-660,http://www.cell.com/cell/issue?pii=S0092-8674(00)X0175-4
Aug 23,2002,110,4,p399-536,http://www.cell.com/cell/issue?pii=S0092-8674(00)X0174-2
Aug 9,2002,110,3,p273-398,http://www.cell.com/cell/issue?pii=S0092-8674(00)X0173-0
Jul 26,2002,110,2,p135-272,http://www.cell.com/cell/issue?pii=S0092-8674(00)X0172-9
Jul 12,2002,110,1,p1-134,http://www.cell.com/cell/issue?pii=S0092-8674(00)X0171-7
Jun 28,2002,109,7,p793-924,http://www.cell.com/cell/issue?pii=S0092-8674(00)X0170-5
Jun 14,2002,109,6,p663-792,http://www.cell.com/cell/issue?pii=S0092-8674(00)X0169-9
May 31,2002,109,5,p537-662,http://www.cell.com/cell/issue?pii=S0092-8674(00)X0168-7
May 17,2002,109,4,p409-536,http://www.cell.com/cell/issue?pii=S0092-8674(00)X0167-5
May 3,2002,109,3,p267-408,http://www.cell.com/cell/issue?pii=S0092-8674(00)X0166-3
Apr 19,2002,109,2,p137-266,http://www.cell.com/cell/issue?pii=S0092-8674(00)X0165-1
Apr 5,2002,109,1,p1-136,http://www.cell.com/cell/issue?pii=S0092-8674(00)X0162-6
Mar 22,2002,108,6,p727-876,http://www.cell.com/cell/issue?pii=S0092-8674(00)X0163-8
Mar 8,2002,108,5,p583-726,http://www.cell.com/cell/issue?pii=S0092-8674(00)X0160-2
Feb 22,2002,108,4,p431-582,http://www.cell.com/cell/issue?pii=S0092-8674(00)X0161-4
Feb 8,2002,108,3,p297-430,http://www.cell.com/cell/issue?pii=S0092-8674(00)X0159-6
Jan 25,2002,108,2,p135-296,http://www.cell.com/cell/issue?pii=S0092-8674(00)X0158-4
Jan 11,2002,108,1,p1-134,http://www.cell.com/cell/issue?pii=S0092-8674(00)X0157-2
Dec 28,2001,107,7,p815-942,http://www.cell.com/cell/issue?pii=S0092-8674(00)X0610-1
Dec 14,2001,107,6,p689-813,http://www.cell.com/cell/issue?pii=S0092-8674(00)X0155-9
Nov 30,2001,107,5,p551-688,http://www.cell.com/cell/issue?pii=S0092-8674(00)X0154-7
Nov 16,2001,107,4,p411-550,http://www.cell.com/cell/issue?pii=S0092-8674(00)X0153-5
Nov 2,2001,107,3,p259-410,http://www.cell.com/cell/issue?pii=S0092-8674(00)X0152-3
Oct 19,2001,107,2,p125-258,http://www.cell.com/cell/issue?pii=S0092-8674(00)X0151-1
Oct 5,2001,107,1,p1-124,http://www.cell.com/cell/issue?pii=S0092-8674(00)X0150-X
Sep 21,2001,106,6,p647-796,http://www.cell.com/cell/issue?pii=S0092-8674(00)X0149-3
Sep 7,2001,106,5,p523-646,http://www.cell.com/cell/issue?pii=S0092-8674(00)X0147-X
Aug 24,2001,106,4,p391-522,http://www.cell.com/cell/issue?pii=S0092-8674(00)X0146-8
Aug 10,2001,106,3,p255-390,http://www.cell.com/cell/issue?pii=S0092-8674(00)X0144-4
Jul 27,2001,106,2,p129-253,http://www.cell.com/cell/issue?pii=S0092-8674(00)X0145-6
Jul 13,2001,106,1,p1-128,http://www.cell.com/cell/issue?pii=S0092-8674(00)X0143-2
Jun 29,2001,105,7,p817-972,http://www.cell.com/cell/issue?pii=S0092-8674(00)X0141-9
Jun 15,2001,105,6,p697-816,http://www.cell.com/cell/issue?pii=S0092-8674(00)X0142-0
Jun 1,2001,105,5,p559-696,http://www.cell.com/cell/issue?pii=S0092-8674(00)X0140-7
May 18,2001,105,4,p417-558,http://www.cell.com/cell/issue?pii=S0092-8674(00)X0139-0
May 4,2001,105,3,p293-416,http://www.cell.com/cell/issue?pii=S0092-8674(00)X0138-9
Apr 20,2001,105,2,p161-292,http://www.cell.com/cell/issue?pii=S0092-8674(00)X0137-7
Apr 6,2001,105,1,p1-160,http://www.cell.com/cell/issue?pii=S0092-8674(00)X0020-7
Mar 23,2001,104,6,p801-948,http://www.cell.com/cell/issue?pii=S0092-8674(00)X0019-0
Mar 9,2001,104,5,p631-800,http://www.cell.com/cell/issue?pii=S0092-8674(00)X0018-9
Feb 23,2001,104,4,p465-629,http://www.cell.com/cell/issue?pii=S0092-8674(00)X0017-7
Feb 9,2001,104,3,p321-464,http://www.cell.com/cell/issue?pii=S0092-8674(00)X0016-5
Jan 26,2001,104,2,p173-320,http://www.cell.com/cell/issue?pii=S0092-8674(00)X0015-3
Jan 12,2001,104,1,p1-172,http://www.cell.com/cell/issue?pii=S0092-8674(00)X0014-1
Dec 22,2000,103,7,p993-1168,http://www.cell.com/cell/issue?pii=S0092-8674(00)X0013-X
Dec 8,2000,103,6,p829-991,http://www.cell.com/cell/issue?pii=S0092-8674(00)X0012-8
Nov 22,2000,103,5,p691-827,http://www.cell.com/cell/issue?pii=S0092-8674(00)X0011-6
Nov 10,2000,103,4,p537-689,http://www.cell.com/cell/issue?pii=S0092-8674(00)X0604-6
Oct 27,2000,103,3,p363-535,http://www.cell.com/cell/issue?pii=S0092-8674(00)X0009-8
Oct 13,2000,103,2,p181-361,http://www.cell.com/cell/issue?pii=S0092-8674(00)X0008-6
Sep 29,2000,103,1,p1-179,http://www.cell.com/cell/issue?pii=S0092-8674(00)X0007-4
Sep 15,2000,102,6,p705-862,http://www.cell.com/cell/issue?pii=S0092-8674(00)X0005-0
Sep 1,2000,102,5,p541-704,http://www.cell.com/cell/issue?pii=S0092-8674(00)X0006-2
Aug 18,2000,102,4,p399-539,http://www.cell.com/cell/issue?pii=S0092-8674(00)X0004-9
Aug 4,2000,102,3,p267-397,http://www.cell.com/cell/issue?pii=S0092-8674(00)X0003-7
Jul 21,2000,102,2,p127-265,http://www.cell.com/cell/issue?pii=S0092-8674(00)X0002-5
Jul 7,2000,102,1,p1-126,http://www.cell.com/cell/issue?pii=S0092-8674(00)X0001-3
Jun 23,2000,101,7,p685-811,http://www.cell.com/cell/issue?pii=S0092-8674(00)X0128-6
Jun 9,2000,101,6,p569-684,http://www.cell.com/cell/issue?pii=S0092-8674(00)X0125-0
May 26,2000,101,5,p447-567,http://www.cell.com/cell/issue?pii=S0092-8674(00)X0124-9
May 12,2000,101,4,p341-445,http://www.cell.com/cell/issue?pii=S0092-8674(00)X0120-1
Apr 28,2000,101,3,p235-340,http://www.cell.com/cell/issue?pii=S0092-8674(00)X0118-3
Apr 14,2000,101,2,p115-233,http://www.cell.com/cell/issue?pii=S0092-8674(00)X0113-4
Mar 31,2000,101,1,p1-114,http://www.cell.com/cell/issue?pii=S0092-8674(00)X0109-2
Mar 17,2000,100,6,p599-711,http://www.cell.com/cell/issue?pii=S0092-8674(00)X0106-7
Mar 3,2000,100,5,p491-597,http://www.cell.com/cell/issue?pii=S0092-8674(00)X0103-1
Feb 18,2000,100,4,p387-489,http://www.cell.com/cell/issue?pii=S0092-8674(00)X0099-2
Feb 4,2000,100,3,p289-386,http://www.cell.com/cell/issue?pii=S0092-8674(00)X0095-5
Jan 21,2000,100,2,p185-288,http://www.cell.com/cell/issue?pii=S0092-8674(00)X0093-1
Jan 7,2000,100,1,p1-183,http://www.cell.com/cell/issue?pii=S0092-8674(00)X0090-6
Dec 18,2014,159,7,p1479-1712,http://www.cell.com/cell/issue?pii=S0092-8674(14)X0026-7
Dec 4,2014,159,6,p1231-1478,http://www.cell.com/cell/issue?pii=S0092-8674(14)X0025-5
Nov 20,2014,159,5,p957-1230,http://www.cell.com/cell/issue?pii=S0092-8674(14)X0024-3
Nov 6,2014,159,4,p701-956,http://www.cell.com/cell/issue?pii=S0092-8674(14)X0023-1
Oct 23,2014,159,3,p459-700,http://www.cell.com/cell/issue?pii=S0092-8674(14)X0022-X
Oct 9,2014,159,2,p219-458,http://www.cell.com/cell/issue?pii=S0092-8674(14)X0021-8
Sep 25,2014,159,1,p1-218,http://www.cell.com/cell/issue?pii=S0092-8674(14)X0020-6
Sep 11,2014,158,6,p1213-1446,http://www.cell.com/cell/issue?pii=S0092-8674(14)X0019-X
Aug 28,2014,158,5,p961-1212,http://www.cell.com/cell/issue?pii=S0092-8674(14)X0018-8
Aug 14,2014,158,4,p691-960,http://www.cell.com/cell/issue?pii=S0092-8674(14)X0017-6
Jul 31,2014,158,3,p465-690,http://www.cell.com/cell/issue?pii=S0092-8674(14)X0016-4
Jul 3,2014,158,1,p1-228,http://www.cell.com/cell/issue?pii=S0092-8674(14)X0014-0
Jun 19,2014,157,7,p1489-1738,http://www.cell.com/cell/issue?pii=S0092-8674(14)X0013-9
Jun 5,2014,157,6,p1245-1488,http://www.cell.com/cell/issue?pii=S0092-8674(14)X0012-7
May 22,2014,157,5,p993-1244,http://www.cell.com/cell/issue?pii=S0092-8674(14)X0011-5
May 8,2014,157,4,p755-992,http://www.cell.com/cell/issue?pii=S0092-8674(14)X0010-3
Apr 24,2014,157,3,p517-754,http://www.cell.com/cell/issue?pii=S0092-8674(14)X0009-7
Apr 10,2014,157,2,p275-516,http://www.cell.com/cell/issue?pii=S0092-8674(14)X0008-5
Mar 27,2014,157,1,p1-274,http://www.cell.com/cell/issue?pii=S0092-8674(14)X0007-3
Mar 13,2014,156,6,p1115-1340,http://www.cell.com/cell/issue?pii=S0092-8674(14)X0006-1
Feb 27,2014,156,5,p857-1114,http://www.cell.com/cell/issue?pii=S0092-8674(14)X0005-X
Feb 13,2014,156,4,p621-856,http://www.cell.com/cell/issue?pii=S0092-8674(14)X0004-8
Jan 30,2014,156,3,p377-620,http://www.cell.com/cell/issue?pii=S0092-8674(14)X0003-6
Dec 19,2013,155,7,p1435-1654,http://www.cell.com/cell/issue?pii=S0092-8674(13)X0026-1
Dec 5,2013,155,6,p1191-1434,http://www.cell.com/cell/issue?pii=S0092-8674(13)X0025-X
Nov 21,2013,155,5,p969-1190,http://www.cell.com/cell/issue?pii=S0092-8674(13)X0024-8
Nov 7,2013,155,4,p729-968,http://www.cell.com/cell/issue?pii=S0092-8674(13)X0023-6
Oct 24,2013,155,3,p483-728,http://www.cell.com/cell/issue?pii=S0092-8674(13)X0022-4
Oct 10,2013,155,2,p257-482,http://www.cell.com/cell/issue?pii=S0092-8674(13)X0021-2
Sep 26,2013,155,1,p1-256,http://www.cell.com/cell/issue?pii=S0092-8674(13)X0020-0
Sep 12,2013,154,6,p1163-1402,http://www.cell.com/cell/issue?pii=S0092-8674(13)X0019-4
Aug 29,2013,154,5,p941-1162,http://www.cell.com/cell/issue?pii=S0092-8674(13)X0018-2
Aug 15,2013,154,4,p705-940,http://www.cell.com/cell/issue?pii=S0092-8674(13)X0017-0
Aug 1,2013,154,3,p469-704,http://www.cell.com/cell/issue?pii=S0092-8674(13)X0016-9
Jul 18,2013,154,2,p253-468,http://www.cell.com/cell/issue?pii=S0092-8674(13)X0015-7
Jul 3,2013,154,1,p1-252,http://www.cell.com/cell/issue?pii=S0092-8674(13)X0014-5
Jun 20,2013,153,7,p1409-1612,http://www.cell.com/cell/issue?pii=S0092-8674(13)X0013-3
Jun 6,2013,153,6,p1169-1408,http://www.cell.com/cell/issue?pii=S0092-8674(13)X0012-1
May 23,2013,153,5,p931-1168,http://www.cell.com/cell/issue?pii=S0092-8674(13)X0011-X
May 9,2013,153,4,p723-930,http://www.cell.com/cell/issue?pii=S0092-8674(13)X0010-8
Apr 25,2013,153,3,p495-722,http://www.cell.com/cell/issue?pii=S0092-8674(13)X0009-1
Apr 11,2013,153,2,p273-494,http://www.cell.com/cell/issue?pii=S0092-8674(13)X0008-X
Mar 28,2013,153,1,p1-272,http://www.cell.com/cell/issue?pii=S0092-8674(13)X0007-8
Mar 14,2013,152,6,p1199-1390,http://www.cell.com/cell/issue?pii=S0092-8674(13)X0006-6
Feb 28,2013,152,5,p925-1198,http://www.cell.com/cell/issue?pii=S0092-8674(13)X0005-4
Feb 14,2013,152,4,p657-924,http://www.cell.com/cell/issue?pii=S0092-8674(13)X0004-2
Jan 31,2013,152,3,p369-656,http://www.cell.com/cell/issue?pii=S0092-8674(13)X0003-0
Dec 21,2012,151,7,p1391-1634,http://www.cell.com/cell/issue?pii=S0092-8674(12)X0026-6
Dec 7,2012,151,6,p1139-1390,http://www.cell.com/cell/issue?pii=S0092-8674(12)X0025-4
Nov 21,2012,151,5,p919-1138,http://www.cell.com/cell/issue?pii=S0092-8674(12)X0024-2
Nov 9,2012,151,4,p691-918,http://www.cell.com/cell/issue?pii=S0092-8674(12)X0023-0
Oct 26,2012,151,3,p457-690,http://www.cell.com/cell/issue?pii=S0092-8674(12)X0022-9
Oct 12,2012,151,2,p235-456,http://www.cell.com/cell/issue?pii=S0092-8674(12)X0021-7
Sep 28,2012,151,1,p1-234,http://www.cell.com/cell/issue?pii=S0092-8674(12)X0020-5
Sep 14,2012,150,6,p1085-1300,http://www.cell.com/cell/issue?pii=S0092-8674(12)X0019-9
Aug 31,2012,150,5,p869-1084,http://www.cell.com/cell/issue?pii=S0092-8674(12)X0018-7
Aug 17,2012,150,4,p663-868,http://www.cell.com/cell/issue?pii=S0092-8674(12)X0017-5
Aug 3,2012,150,3,p443-662,http://www.cell.com/cell/issue?pii=S0092-8674(12)X0016-3
Jul 20,2012,150,2,p235-442,http://www.cell.com/cell/issue?pii=S0092-8674(12)X0015-1
Jul 6,2012,150,1,p1-234,http://www.cell.com/cell/issue?pii=S0092-8674(12)X0014-X
Jun 22,2012,149,7,p1409-1650,http://www.cell.com/cell/issue?pii=S0092-8674(12)X0013-8
Jun 8,2012,149,6,p1175-1408,http://www.cell.com/cell/issue?pii=S0092-8674(12)X0012-6
May 25,2012,149,5,p951-1174,http://www.cell.com/cell/issue?pii=S0092-8674(12)X0011-4
May 11,2012,149,4,p723-950,http://www.cell.com/cell/issue?pii=S0092-8674(12)X0010-2
Apr 27,2012,149,3,p499-722,http://www.cell.com/cell/issue?pii=S0092-8674(12)X0009-6
Apr 13,2012,149,2,p247-498,http://www.cell.com/cell/issue?pii=S0092-8674(12)X0008-4
Mar 30,2012,149,1,p1-246,http://www.cell.com/cell/issue?pii=S0092-8674(12)X0007-2
Mar 16,2012,148,6,p1069-1308,http://www.cell.com/cell/issue?pii=S0092-8674(12)X0006-0
Mar 2,2012,148,5,p835-1068,http://www.cell.com/cell/issue?pii=S0092-8674(12)X0005-9
Feb 17,2012,148,4,p625-834,http://www.cell.com/cell/issue?pii=S0092-8674(12)X0004-7
Feb 3,2012,148,3,p379-624,http://www.cell.com/cell/issue?pii=S0092-8674(12)X0003-5
Dec 23,2011,147,7,p1423-1642,http://www.cell.com/cell/issue?pii=S0092-8674(11)X0026-0
Dec 9,2011,147,6,p1199-1422,http://www.cell.com/cell/issue?pii=S0092-8674(11)X0025-9
Nov 23,2011,147,5,p951-1198,http://www.cell.com/cell/issue?pii=S0092-8674(11)X0024-7
Nov 11,2011,147,4,p707-950,http://www.cell.com/cell/issue?pii=S0092-8674(11)X0023-5
Oct 28,2011,147,3,p477-706,http://www.cell.com/cell/issue?pii=S0092-8674(11)X0022-3
Oct 14,2011,147,2,p249-476,http://www.cell.com/cell/issue?pii=S0092-8674(11)X0021-1
Sep 30,2011,147,1,p1-248,http://www.cell.com/cell/issue?pii=S0092-8674(11)X0020-X
Sep 16,2011,146,6,p843-1044,http://www.cell.com/cell/issue?pii=S0092-8674(11)X0019-3
Sep 2,2011,146,5,p661-842,http://www.cell.com/cell/issue?pii=S0092-8674(11)X0018-1
Aug 19,2011,146,4,p489-660,http://www.cell.com/cell/issue?pii=S0092-8674(11)X0017-X
Aug 5,2011,146,3,p335-488,http://www.cell.com/cell/issue?pii=S0092-8674(11)X0016-8
Jul 22,2011,146,2,p179-334,http://www.cell.com/cell/issue?pii=S0092-8674(11)X0015-6
Jul 8,2011,146,1,p1-178,http://www.cell.com/cell/issue?pii=S0092-8674(11)X0014-4
Jun 24,2011,145,7,p995-1158,http://www.cell.com/cell/issue?pii=S0092-8674(11)X0013-2
Jun 10,2011,145,6,p801-994,http://www.cell.com/cell/issue?pii=S0092-8674(11)X0012-0
May 27,2011,145,5,p637-800,http://www.cell.com/cell/issue?pii=S0092-8674(11)X0011-9
May 13,2011,145,4,p485-636,http://www.cell.com/cell/issue?pii=S0092-8674(11)X0010-7
Apr 29,2011,145,3,p325-484,http://www.cell.com/cell/issue?pii=S0092-8674(11)X0009-0
Apr 15,2011,145,2,p163-324,http://www.cell.com/cell/issue?pii=S0092-8674(11)X0008-9
Apr 1,2011,145,1,p1-162,http://www.cell.com/cell/issue?pii=S0092-8674(11)X0007-7
Mar 18,2011,144,6,p827-1000,http://www.cell.com/cell/issue?pii=S0092-8674(11)X0006-5
Mar 4,2011,144,5,p627-826,http://www.cell.com/cell/issue?pii=S0092-8674(11)X0005-3
Feb 18,2011,144,4,p455-626,http://www.cell.com/cell/issue?pii=S0092-8674(11)X0004-1
Feb 4,2011,144,3,p311-454,http://www.cell.com/cell/issue?pii=S0092-8674(11)X0003-X
Jan 21,2011,144,2,p159-310,http://www.cell.com/cell/issue?pii=S0092-8674(11)X0002-8
Jan 7,2011,144,1,p1-158,http://www.cell.com/cell/issue?pii=S0092-8674(10)X0027-7
Dec 23,2010,143,7,p1031-1192,http://www.cell.com/cell/issue?pii=S0092-8674(10)X0026-5
Dec 10,2010,143,6,p849-1030,http://www.cell.com/cell/issue?pii=S0092-8674(10)X0025-3
Nov 24,2010,143,5,p653-848,http://www.cell.com/cell/issue?pii=S0092-8674(10)X0024-1
Nov 12,2010,143,4,p487-652,http://www.cell.com/cell/issue?pii=S0092-8674(10)X0023-X
Oct 29,2010,143,3,p327-486,http://www.cell.com/cell/issue?pii=S0092-8674(10)X0022-8
Oct 15,2010,143,2,p173-326,http://www.cell.com/cell/issue?pii=S0092-8674(10)X0021-6
Oct 1,2010,143,1,p1-172,http://www.cell.com/cell/issue?pii=S0092-8674(10)X0020-4
Sep 17,2010,142,6,p823-986,http://www.cell.com/cell/issue?pii=S0092-8674(10)X0019-8
Sep 3,2010,142,5,p649-822,http://www.cell.com/cell/issue?pii=S0092-8674(10)X0018-6
Aug 20,2010,142,4,p497-648,http://www.cell.com/cell/issue?pii=S0092-8674(10)X0017-4
Aug 6,2010,142,3,p335-496,http://www.cell.com/cell/issue?pii=S0092-8674(10)X0016-2
Jul 23,2010,142,2,p173-334,http://www.cell.com/cell/issue?pii=S0092-8674(10)X0015-0
Jul 9,2010,142,1,p1-172,http://www.cell.com/cell/issue?pii=S0092-8674(10)X0014-9
Jun 25,2010,141,7,p1089-1262,http://www.cell.com/cell/issue?pii=S0092-8674(10)X0013-7
Jun 11,2010,141,6,p909-1088,http://www.cell.com/cell/issue?pii=S0092-8674(10)X0012-5
May 28,2010,141,5,p731-908,http://www.cell.com/cell/issue?pii=S0092-8674(10)X0011-3
May 14,2010,141,4,p551-730,http://www.cell.com/cell/issue?pii=S0092-8674(10)X0010-1
Apr 30,2010,141,3,p371-550,http://www.cell.com/cell/issue?pii=S0092-8674(10)X0009-5
Apr 16,2010,141,2,p193-370,http://www.cell.com/cell/issue?pii=S0092-8674(10)X0008-3
Apr 2,2010,141,1,p1-192,http://www.cell.com/cell/issue?pii=S0092-8674(10)X0007-1
Mar 19,2010,140,6,p755-952,http://www.cell.com/cell/issue?pii=S0092-8674(10)X0006-X
Mar 5,2010,140,5,p591-754,http://www.cell.com/cell/issue?pii=S0092-8674(10)X0005-8
Feb 19,2010,140,4,p437-590,http://www.cell.com/cell/issue?pii=S0092-8674(10)X0004-6
Feb 5,2010,140,3,p295-436,http://www.cell.com/cell/issue?pii=S0092-8674(10)X0003-4
Jan 22,2010,140,2,p163-294,http://www.cell.com/cell/issue?pii=S0092-8674(10)X0002-2
Jan 8,2010,140,1,p1-162,http://www.cell.com/cell/issue?pii=S0092-8674(09)X0027-9
